"id";"name";"surname";"phone";"email";"birth_date";"country";"city";"postal_code";"address"
1;"Zeus";"Gamble";"1-282-581-0551";"interdum.enim@protonmail.edu";"1985-11-17";"United States";"Lowell";"73544";"348-7818 Sagittis St."
2;"Garrett";"Mcconnell";"(718) 257-2412";"integer.vitae.nibh@protonmail.org";"1992-08-23";"United States";"Des Moines";"59464";"903 Sit Ave"
3;"Ciaran";"Harrison";"(522) 598-1365";"interdum.feugiat@aol.org";"1998-04-29";"United States";"Columbus";"56518";"736-2063 Tellus St."
4;"Howard";"Stafford";"1-411-740-3269";"ornare.egestas@icloud.edu";"1989-02-18";"United States";"Kailua";"77417";"Ap #545-2244 Erat. Rd."
5;"Hayfa";"Pierce";"1-554-541-2077";"et.malesuada.fames@hotmail.org";"1998-09-26";"United States";"Sandy";"31564";"341-2821 Ultrices Av."
6;"Joel";"Tyson";"(718) 288-8020";"gravida.nunc.sed@yahoo.ca";"1989-10-15";"United States";"Nashville";"96838";"888-2799 Amet Street"
7;"Rafael";"Jimenez";"(817) 689-0478";"eget@outlook.ca";"1981-12-04";"United States";"Hillsboro";"29874";"8627 Malesuada Rd."
8;"Nissim";"Franks";"(692) 157-3469";"egestas.aliquam.fringilla@google.ca";"1993-08-01";"United States";"Jackson";"61750";"Ap #251-7144 Integer St."
9;"Mannix";"Mcclain";"(590) 883-2184";"aliquam.nisl@outlook.com";"1987-01-24";"United States";"Richmond";"35987";"647-3080 Lacus. St."
10;"Robert";"Mccarthy";"(324) 746-6771";"fermentum@protonmail.com";"1984-04-30";"United States";"Eugene";"85526";"P.O. Box 773, 3594 Ornare St."
11;"Joan";"Baird";"(981) 429-8106";"et@outlook.net";"1990-02-25";"United States";"Lincoln";"35211";"P.O. Box 687, 8917 Ligula St."
12;"Benedict";"Wheeler";"1-515-824-2855";"tincidunt.donec.vitae@hotmail.couk";"1999-08-06";"United States";"Lewiston";"92393";"748-8694 Porttitor Avenue"
13;"Allegra";"Stanton";"1-927-753-6488";"proin.eget@protonmail.ca";"1990-05-19";"United States";"Kearney";"14947";"4457 Ante. Av."
14;"Sara";"Flynn";"1-311-646-9333";"integer@outlook.net";"1988-12-27";"United States";"Warren";"20288";"P.O. Box 865, 4397 Ante St."
15;"Noelani";"Patrick";"1-723-488-5894";"sem.magna@google.com";"1993-09-17";"United States";"Orlando";"47987";"596-5044 Sapien, Street"
16;"Eric";"Roth";"1-218-549-8253";"lorem.sit@yahoo.net";"1988-09-07";"United States";"Reading";"96697";"P.O. Box 541, 5137 Non Road"
17;"Bruce";"Gill";"(744) 732-8628";"metus@aol.net";"1990-03-04";"United States";"Davenport";"43415";"Ap #836-9508 Vitae, Ave"
18;"Russell";"Jimenez";"(657) 779-2438";"orci@outlook.edu";"1993-08-26";"United States";"Hattiesburg";"75647";"4095 Quam Rd."
19;"Nicholas";"Travis";"1-330-223-9652";"libero.dui@hotmail.com";"1981-07-15";"United States";"Jacksonville";"71727";"Ap #459-539 Lectus Avenue"
20;"Kelsey";"Bates";"(653) 724-4754";"ullamcorper.nisl@aol.com";"1981-05-06";"United States";"Gulfport";"50423";"824-3624 Lacinia St."
21;"Hall";"Reeves";"(241) 759-9235";"erat.eget@hotmail.edu";"1987-07-22";"United States";"Warren";"85521";"Ap #745-5948 Sollicitudin St."
22;"Allistair";"Holmes";"1-265-323-0812";"donec.tempor.est@protonmail.com";"1990-11-05";"United States";"Montpelier";"85914";"Ap #794-4229 Ante Rd."
23;"Kelsie";"Bass";"1-837-832-5631";"consequat@google.ca";"1990-04-02";"United States";"Jefferson City";"97237";"407-7562 A, Road"
24;"Nolan";"Cash";"(273) 334-3785";"nam@hotmail.com";"1994-09-09";"United States";"Owensboro";"61256";"501-2733 Luctus. Rd."
25;"Wanda";"Campbell";"(702) 823-5535";"sagittis@google.couk";"1999-05-31";"United States";"San Jose";"88665";"Ap #337-8747 Auctor. Ave"
26;"Aquila";"Strickland";"1-246-231-5495";"enim.sit@icloud.com";"1982-09-28";"United States";"Colchester";"26637";"Ap #260-4612 Massa Road"
27;"Diana";"Williamson";"1-285-365-7779";"id.nunc@google.com";"1991-12-14";"United States";"Kearney";"93484";"362-9552 Sed Rd."
28;"Elmo";"Cain";"1-663-583-6021";"nec.metus.facilisis@google.org";"1980-10-13";"United States";"Columbus";"25225";"P.O. Box 585, 4446 Suspendisse St."
29;"Deacon";"Sharpe";"(312) 529-1643";"hendrerit@icloud.net";"1979-09-19";"United States";"Naperville";"63967";"672-9145 Ullamcorper, Ave"
30;"Martena";"Blackwell";"1-336-632-3280";"at.nisi.cum@icloud.org";"1987-02-21";"United States";"Columbia";"53144";"641 Lacus. St."
31;"Francis";"Bryant";"(654) 360-7374";"quisque.ac.libero@protonmail.edu";"1992-08-17";"United States";"Waterbury";"91358";"P.O. Box 596, 9052 Quisque St."
32;"Chase";"Yang";"1-771-216-5335";"pellentesque.eget@google.net";"1999-04-23";"United States";"Duluth";"32807";"207-9951 Mi, Avenue"
33;"Venus";"Sanders";"(679) 326-6342";"nec.ante.maecenas@aol.com";"1990-01-06";"United States";"Little Rock";"40790";"4840 Lorem Rd."
34;"Sopoline";"Branch";"1-557-503-3642";"nec@yahoo.org";"1979-04-08";"United States";"Gary";"79667";"745 Vivamus Avenue"
35;"Yvonne";"Gibson";"1-424-288-3275";"risus@outlook.org";"1993-01-07";"United States";"Vancouver";"21213";"Ap #356-7162 Ligula Rd."
36;"Raymond";"Thornton";"1-581-648-7426";"enim.nisl@google.edu";"1982-12-06";"United States";"Kansas City";"26231";"746-3251 Aptent Avenue"
37;"Graiden";"Glover";"(888) 957-3868";"non.hendrerit@hotmail.ca";"1987-11-11";"United States";"Portland";"35397";"Ap #497-8090 Vel Avenue"
38;"Abra";"Doyle";"(367) 861-9621";"augue.eu@outlook.edu";"1986-08-22";"United States";"Chicago";"54137";"409-9169 Cubilia St."
39;"Nyssa";"Shaffer";"1-899-494-4941";"malesuada.fames@google.ca";"1991-07-02";"United States";"Columbus";"27828";"4215 Libero Road"
40;"Astra";"Alexander";"1-877-546-5066";"lectus.nullam.suscipit@google.org";"1983-03-12";"United States";"Columbus";"78276";"P.O. Box 384, 117 Et St."
41;"Uriel";"Hebert";"1-265-846-2455";"donec@outlook.com";"1981-11-30";"United States";"Juneau";"33549";"670-5867 Eget Street"
42;"Lucy";"Branch";"(459) 164-9989";"odio.etiam@aol.couk";"1991-10-31";"United States";"Joliet";"27874";"134-848 Orci, Rd."
43;"Jayme";"Chavez";"(542) 568-7326";"fusce.feugiat@outlook.com";"1984-07-29";"United States";"Aurora";"28283";"8659 Enim. Rd."
44;"Aquila";"Haley";"1-951-243-1892";"tempus.risus@outlook.edu";"1996-01-21";"United States";"Newark";"51734";"Ap #197-7436 Neque. Road"
45;"Richard";"O'donnell";"1-275-844-6782";"ac.nulla@outlook.org";"1986-10-04";"United States";"Frankfort";"72520";"P.O. Box 333, 3191 Ullamcorper, Ave"
46;"Alika";"Valdez";"(781) 178-0838";"dapibus.gravida@yahoo.net";"1990-08-08";"United States";"Salem";"55729";"P.O. Box 580, 196 Cras Ave"
47;"Herrod";"Wright";"(575) 645-3218";"odio.auctor.vitae@yahoo.edu";"1999-11-11";"United States";"Fort Wayne";"72865";"8745 Elementum Road"
48;"Patrick";"Reyes";"1-607-729-5993";"conubia.nostra@icloud.com";"1986-07-29";"United States";"San Jose";"96740";"1150 Etiam Av."
49;"Lev";"Roth";"1-685-331-7392";"auctor.vitae.aliquet@yahoo.net";"1981-12-03";"United States";"Richmond";"52748";"P.O. Box 455, 4035 Ullamcorper, Road"
50;"Aretha";"Chang";"1-634-250-1977";"suspendisse.aliquet.molestie@hotmail.edu";"1998-05-11";"United States";"Jonesboro";"26937";"491 Neque St."
51;"Lionel";"Griffith";"1-816-243-8788";"ultricies.sem.magna@yahoo.org";"1993-04-03";"United States";"Wichita";"17638";"P.O. Box 191, 5848 A, Ave"
52;"Sheila";"Sullivan";"(426) 608-1653";"arcu.vel@google.edu";"1981-05-17";"United States";"Sacramento";"48147";"Ap #644-7695 Nec, Rd."
53;"Lucas";"Lloyd";"(513) 819-9413";"sagittis.duis.gravida@outlook.net";"1980-06-20";"United States";"Waterbury";"56684";"745-3814 Metus. Rd."
54;"Emma";"Park";"(581) 468-8549";"vel.turpis.aliquam@icloud.org";"1991-05-27";"United States";"Topeka";"70684";"Ap #558-7250 Vivamus Rd."
55;"Barrett";"Andrews";"(573) 474-8979";"ligula.consectetuer@protonmail.edu";"1995-11-28";"United States";"Tacoma";"14982";"5363 Rhoncus Street"
56;"Odysseus";"Frye";"(236) 402-6048";"sociis.natoque@outlook.org";"1983-02-19";"United States";"Norman";"74030";"772-6878 Sociosqu Av."
57;"Daquan";"Kirk";"1-748-565-9125";"ultricies@hotmail.ca";"1994-12-22";"United States";"Grand Rapids";"46875";"5438 Odio. Avenue"
58;"Sandra";"Owens";"1-961-472-4829";"eu.enim@icloud.ca";"1980-10-14";"United States";"Fort Worth";"44233";"465-230 Ullamcorper, Rd."
59;"Heather";"Bradshaw";"1-535-845-1352";"luctus.et@aol.couk";"1984-12-04";"United States";"Kaneohe";"85163";"6641 Convallis St."
60;"Roth";"Cook";"(122) 759-2618";"ullamcorper.eu@icloud.edu";"1996-11-23";"United States";"Aurora";"26839";"Ap #815-8102 Ante. St."
61;"Duncan";"Romero";"1-226-441-1416";"ligula.aenean.euismod@hotmail.com";"1990-02-04";"United States";"Hilo";"68158";"267-173 Felis Rd."
62;"Phyllis";"Holt";"1-806-654-1534";"metus.vitae.velit@outlook.couk";"1987-06-07";"United States";"Newark";"81711";"Ap #111-6364 Libero. Rd."
63;"Beverly";"Burt";"(336) 263-4576";"aliquam.enim@aol.edu";"1996-12-12";"United States";"Pittsburgh";"18438";"P.O. Box 632, 6754 Fringilla Road"
64;"Irma";"Whitehead";"1-332-774-7232";"mauris.quis@google.org";"1988-02-14";"United States";"Norman";"47637";"393-6189 Sem Ave"
65;"Yeo";"Emerson";"(473) 596-9486";"lacinia.at.iaculis@aol.net";"1993-09-26";"United States";"Salem";"71835";"Ap #897-3426 Orci, Av."
66;"Bert";"Juarez";"1-404-537-2914";"pede.nec@outlook.net";"1988-09-14";"United States";"Colchester";"85478";"757-6748 Placerat St."
67;"Kenneth";"Morrison";"1-214-178-7152";"elementum.sem.vitae@outlook.org";"1981-09-10";"United States";"Saint Louis";"65146";"801-4640 Odio Rd."
68;"Whoopi";"Ford";"1-548-301-4313";"enim.diam.vel@google.com";"1979-04-30";"United States";"Bloomington";"76233";"P.O. Box 312, 3903 Aliquam Rd."
69;"Stone";"Atkinson";"1-751-189-8258";"etiam@outlook.com";"1993-01-31";"United States";"Columbus";"36506";"Ap #820-7449 Tellus Rd."
70;"Debra";"Farley";"(377) 214-5814";"non.justo@aol.com";"1985-01-31";"United States";"San Jose";"88326";"P.O. Box 855, 7643 Eu Street"
71;"Emerson";"Hess";"1-342-775-1174";"orci.tincidunt.adipiscing@icloud.ca";"1984-05-12";"United States";"Mesa";"33568";"Ap #191-5633 Lectus Rd."
72;"Jael";"Robles";"(267) 616-3375";"lorem.eget.mollis@protonmail.net";"1983-06-06";"United States";"Spokane";"97103";"266 Dictum Avenue"
73;"Warren";"Christian";"1-125-829-9354";"malesuada.vel@icloud.ca";"1993-01-12";"United States";"Boise";"95246";"Ap #323-5264 Convallis Rd."
74;"Zelenia";"Good";"1-971-397-7840";"aenean@google.couk";"1988-09-21";"United States";"Wichita";"78518";"176-5987 Sociis St."
75;"Colleen";"Juarez";"1-647-277-0329";"sodales@yahoo.edu";"1990-05-25";"United States";"Lewiston";"36194";"919-2582 Et, St."
76;"Glenna";"Gutierrez";"(567) 428-5368";"amet@outlook.couk";"1990-09-25";"United States";"Newark";"58673";"9288 Posuere St."
77;"Jared";"Compton";"1-416-623-5165";"vel.quam@outlook.net";"1999-01-18";"United States";"Norfolk";"13086";"354-782 Tempor Ave"
78;"Camilla";"Zimmerman";"(403) 839-3861";"enim@aol.com";"1997-11-20";"United States";"Aurora";"79643";"Ap #612-9307 Metus Av."
79;"Preston";"Hubbard";"(485) 611-5951";"in.cursus.et@protonmail.com";"2000-08-16";"United States";"Savannah";"73062";"P.O. Box 761, 364 Mauris Road"
80;"Sophia";"Bradford";"(795) 358-4243";"eu@outlook.com";"1985-02-10";"United States";"Paradise";"89058";"Ap #425-5343 Fermentum Rd."
81;"Acton";"Gallegos";"1-784-875-8068";"rhoncus.donec@yahoo.org";"1989-02-06";"United States";"Lexington";"54348";"5613 Ut St."
82;"Stacey";"Moses";"(768) 696-2845";"ante.iaculis.nec@hotmail.edu";"1985-09-07";"United States";"South Portland";"84463";"Ap #786-4555 Scelerisque Avenue"
83;"Dana";"Ware";"1-997-209-1750";"nisi.a@outlook.net";"1979-11-29";"United States";"Hillsboro";"59188";"Ap #801-3094 Nec Av."
84;"Craig";"Shepherd";"1-817-268-8038";"feugiat@protonmail.net";"1997-07-21";"United States";"Dover";"29670";"P.O. Box 629, 4780 Egestas Rd."
85;"Dawn";"Murray";"1-818-547-6341";"ante.dictum.mi@outlook.couk";"1989-12-13";"United States";"Fairbanks";"67154";"8209 Morbi Av."
86;"Quintessa";"Buckley";"1-461-623-4184";"justo.sit.amet@hotmail.ca";"1987-12-16";"United States";"Anchorage";"95823";"572-4088 Tempor, Ave"
87;"Camden";"Carpenter";"1-842-231-7504";"enim.commodo@google.ca";"1981-08-14";"United States";"Waterbury";"78847";"5748 Amet Road"
88;"Holmes";"Ramsey";"(913) 726-8674";"id.erat@aol.net";"1998-07-03";"United States";"Augusta";"35453";"P.O. Box 359, 8428 Nec, St."
89;"Lars";"Mercado";"1-561-562-1561";"sem.vitae@aol.net";"1991-04-27";"United States";"Huntsville";"34901";"Ap #892-9811 Proin St."
90;"Alika";"Kinney";"(625) 262-0063";"parturient@hotmail.org";"1996-01-03";"United States";"Davenport";"64481";"P.O. Box 898, 349 Ultricies Road"
91;"Serina";"Carter";"(852) 256-1633";"tellus.id.nunc@icloud.com";"1984-02-14";"United States";"Reading";"72245";"424-6510 Sit Street"
92;"Lynn";"Riddle";"1-387-885-4057";"vitae.aliquet@outlook.edu";"1984-09-21";"United States";"Bozeman";"61871";"P.O. Box 712, 7907 Est St."
93;"Kimberley";"Avila";"(614) 862-3520";"magna.phasellus@outlook.com";"1997-04-04";"United States";"Burlington";"71305";"269-4732 Maecenas Street"
94;"Kim";"Zimmerman";"(406) 496-7968";"sed.dictum@hotmail.couk";"1981-10-07";"United States";"Pittsburgh";"89349";"Ap #274-5686 Nec Rd."
95;"Chase";"Ellis";"(322) 137-3271";"quisque.purus@hotmail.edu";"2000-12-19";"United States";"New Haven";"72721";"1311 Accumsan Road"
96;"Brennan";"Wynn";"(831) 607-3574";"nullam.ut@yahoo.net";"1988-11-01";"United States";"Lewiston";"74004";"Ap #774-4981 Elementum Avenue"
97;"Joseph";"Davidson";"1-184-847-8256";"mauris@outlook.net";"1987-01-18";"United States";"Allentown";"88451";"P.O. Box 178, 6049 Luctus St."
98;"Cassandra";"Ferguson";"(594) 318-2465";"eu@google.couk";"1992-05-08";"United States";"Tuscaloosa";"83383";"497-7857 Eget, Rd."
99;"Reed";"Rutledge";"1-472-670-2236";"facilisis.facilisis@outlook.net";"1997-02-17";"United States";"Newport News";"36951";"225-6073 Magna Ave"
100;"Melodie";"Mclean";"1-677-221-7152";"risus.varius@google.ca";"1989-09-15";"United States";"College";"11838";"Ap #644-8492 Sagittis St."
101;"Sarah";"Beck";"(358) 691-4345";"vitae.risus@aol.couk";"1983-04-09";"United States";"Great Falls";"67129";"665-9047 In, Rd."
102;"Jasper";"Landry";"1-397-765-1118";"consectetuer.euismod@aol.org";"1982-04-16";"United States";"Columbus";"11595";"Ap #374-7325 Sodales Rd."
103;"Upton";"Chavez";"(227) 785-6484";"euismod.est@aol.ca";"1986-03-15";"United States";"Essex";"95631";"1990 Vel, Av."
104;"Martha";"Barlow";"(732) 326-5448";"vulputate@hotmail.net";"1988-10-29";"United States";"Chicago";"41512";"Ap #311-7103 In Avenue"
105;"Hashim";"Rose";"(858) 313-6727";"urna@icloud.com";"1983-03-28";"United States";"Tacoma";"99632";"8034 Tortor, Road"
106;"Tanner";"Valenzuela";"1-346-421-3135";"nascetur.ridiculus@google.net";"1993-04-06";"United States";"Naperville";"31130";"Ap #114-2616 Fusce Road"
107;"Victor";"Valencia";"(239) 569-1938";"non.enim@hotmail.couk";"1998-05-01";"United States";"Warren";"15158";"Ap #182-9926 At St."
108;"Germaine";"Suarez";"1-931-750-6983";"risus@icloud.com";"1984-02-01";"United States";"Cleveland";"36183";"Ap #383-1856 Mauris Avenue"
109;"Raven";"Reynolds";"(667) 453-9731";"sed@aol.com";"1986-07-11";"United States";"Rockville";"64325";"P.O. Box 753, 3474 Orci, Av."
110;"Neil";"Powers";"(864) 881-6737";"nec.metus@aol.edu";"1980-09-03";"United States";"Clarksville";"46921";"571-2024 Quam Avenue"
111;"Astra";"Baldwin";"1-643-565-3266";"adipiscing.ligula.aenean@protonmail.net";"1999-07-03";"United States";"Indianapolis";"74764";"932-8297 Ac Ave"
112;"Ryder";"Cole";"1-572-759-8544";"nec.enim.nunc@protonmail.net";"1990-09-04";"United States";"South Portland";"52161";"Ap #286-4884 Arcu. Avenue"
113;"Risa";"Frost";"1-712-488-5451";"neque.pellentesque@outlook.org";"1996-05-05";"United States";"Kearney";"88986";"Ap #678-785 Leo. Road"
114;"Jasmine";"Castro";"1-512-143-0648";"lorem@google.ca";"1987-01-05";"United States";"San Jose";"94101";"9948 Dictum. Road"
115;"Urielle";"Holman";"1-424-793-4354";"leo@google.ca";"1985-10-11";"United States";"Green Bay";"29058";"268-1889 Adipiscing Rd."
116;"Sacha";"Compton";"(265) 342-4775";"sed.dictum.proin@yahoo.org";"1981-09-01";"United States";"Wilmington";"94151";"Ap #722-5423 Velit. Road"
117;"Halla";"Pearson";"(681) 698-7518";"lacus.etiam@protonmail.couk";"1994-04-19";"United States";"Biloxi";"65926";"664-903 In, Street"
118;"Brooke";"Jensen";"(124) 739-9067";"purus.mauris.a@icloud.ca";"1981-08-23";"United States";"Erie";"68334";"P.O. Box 718, 9538 Velit Road"
119;"Damian";"Mcgee";"(712) 572-8735";"neque.nullam@hotmail.edu";"1988-09-20";"United States";"Racine";"67561";"Ap #383-8201 Orci Street"
120;"Solomon";"Blake";"1-814-753-4054";"in.at.pede@hotmail.edu";"1990-02-23";"United States";"Glendale";"32725";"469-4293 Aenean St."
121;"Ainsley";"Herrera";"1-380-341-6875";"est.congue@hotmail.couk";"1996-03-28";"United States";"Madison";"64252";"779-913 Cras Rd."
122;"Desiree";"Carey";"(888) 429-3660";"pellentesque.tellus.sem@protonmail.edu";"1989-09-10";"United States";"Reading";"71452";"P.O. Box 651, 6745 Donec St."
123;"Dominique";"Tillman";"1-956-793-8208";"vitae.dolor.donec@google.ca";"1999-09-28";"United States";"New Orleans";"33029";"618-3352 Amet, Street"
124;"Walter";"Larsen";"(435) 652-7642";"et.netus.et@yahoo.net";"1979-09-15";"United States";"College";"31347";"Ap #946-1494 Mauris Rd."
125;"Celeste";"Ellis";"1-847-855-3441";"dapibus.rutrum@yahoo.org";"1994-01-29";"United States";"Wichita";"84214";"Ap #521-1005 Dolor Av."
126;"Kim";"Mooney";"1-252-337-6661";"sed.nec@google.org";"2000-11-28";"United States";"Lewiston";"84345";"377-2270 Ante St."
127;"Ezra";"Beard";"(743) 567-0923";"morbi.sit@google.com";"1984-04-08";"United States";"Los Angeles";"43908";"P.O. Box 783, 1432 Inceptos Rd."
128;"Lucas";"Dawson";"(404) 491-1122";"in.consectetuer.ipsum@yahoo.com";"1983-09-13";"United States";"Shreveport";"82532";"P.O. Box 926, 2853 Non, Rd."
129;"Amber";"Blevins";"(734) 712-6456";"nunc@outlook.org";"1979-08-14";"United States";"Honolulu";"51863";"P.O. Box 878, 292 Orci Rd."
130;"Oscar";"Neal";"1-923-222-4140";"magna.nec@icloud.net";"1983-12-29";"United States";"Casper";"94343";"653 Posuere Road"
131;"Hiram";"Preston";"(774) 220-4835";"ridiculus.mus@yahoo.net";"1996-01-14";"United States";"Rochester";"24724";"P.O. Box 579, 727 Ipsum Rd."
132;"Gisela";"Johnston";"(223) 563-2771";"accumsan.sed@outlook.couk";"1993-07-29";"United States";"Auburn";"58677";"489-8011 Faucibus Ave"
133;"Iona";"Soto";"1-249-240-5843";"tristique.aliquet@protonmail.com";"1998-04-15";"United States";"Iowa City";"73017";"Ap #327-9970 Sollicitudin St."
134;"Tiger";"Davis";"(571) 492-5568";"nonummy.ut@hotmail.ca";"1997-04-12";"United States";"Aurora";"80460";"P.O. Box 346, 7204 Quam. Rd."
135;"Zahir";"Swanson";"(758) 354-1913";"nam.ac@hotmail.couk";"1991-01-12";"United States";"Dover";"27834";"684 Sed Ave"
136;"Sonya";"Hobbs";"1-508-176-1405";"quis.pede@aol.com";"1981-01-08";"United States";"Memphis";"24123";"Ap #959-1231 Aliquam Road"
137;"Brody";"Goodwin";"1-789-944-8575";"donec.felis@outlook.couk";"1982-04-02";"United States";"Tucson";"61282";"779-7842 Dolor Ave"
138;"Wesley";"Bush";"1-814-353-8532";"fermentum.arcu@hotmail.com";"1987-02-08";"United States";"Owensboro";"77662";"270-4210 Et, Road"
139;"Walker";"Gibson";"1-935-527-2111";"ipsum.primis@yahoo.edu";"1980-01-20";"United States";"Annapolis";"99895";"P.O. Box 694, 6043 Dolor. St."
140;"Oprah";"Nicholson";"(485) 970-9786";"a@google.edu";"1981-09-19";"United States";"Bridgeport";"38328";"8543 Velit Av."
141;"Clark";"Hewitt";"1-522-475-6115";"et.malesuada@aol.couk";"1997-10-20";"United States";"Tuscaloosa";"35547";"Ap #260-1064 Quisque St."
142;"Wyatt";"Morris";"1-402-317-8621";"consequat@google.org";"1992-10-11";"United States";"Salt Lake City";"37463";"P.O. Box 436, 6802 Purus Avenue"
143;"Genevieve";"Nolan";"1-346-724-1579";"quis@outlook.com";"1990-09-03";"United States";"Springfield";"37616";"Ap #124-9427 Ante. Rd."
144;"Jeanette";"Blanchard";"1-287-355-3938";"amet.dapibus@google.couk";"1996-07-06";"United States";"San Jose";"26707";"Ap #529-6734 Ipsum Road"
145;"Ursula";"Stewart";"1-442-838-6756";"commodo.auctor.velit@outlook.ca";"1994-02-17";"United States";"Lincoln";"69791";"161-6225 Ac, Street"
146;"Priscilla";"Skinner";"(468) 855-0771";"laoreet.lectus@aol.edu";"1980-07-31";"United States";"Sandy";"86701";"207-6998 At Ave"
147;"Brody";"Talley";"(307) 307-2751";"metus.sit.amet@outlook.org";"1991-06-13";"United States";"Fayetteville";"42374";"469-5852 Tellus Street"
148;"Kerry";"Adkins";"(528) 872-1974";"augue.eu.tempor@icloud.couk";"1983-03-13";"United States";"Dallas";"86373";"Ap #422-4836 Nunc Rd."
149;"Brock";"Doyle";"(265) 140-9567";"cursus.a@aol.edu";"1986-02-19";"United States";"Tuscaloosa";"77945";"Ap #172-5737 Lorem St."
150;"Oleg";"Coleman";"1-131-139-5673";"dis@outlook.edu";"1981-12-02";"United States";"Indianapolis";"28528";"722-3056 Eu, Road"
151;"Meghan";"Hayden";"0800 746 6747";"arcu.vel@hotmail.ca";"1980-07-02";"United Kingdom";"Tullibody";"A1Y 3TC";"Ap #432-4493 Aliquet Rd."
152;"Hakeem";"Alford";"(0111) 367 0184";"adipiscing.ligula@google.edu";"1979-09-30";"United Kingdom";"Kettering";"O21 7JV";"551-8930 Lobortis Street"
153;"Keegan";"Pugh";"(016977) 3851";"sodales.nisi@aol.org";"1994-07-27";"United Kingdom";"Whitehaven";"HQ8V 7YP";"Ap #312-5898 Consectetuer St."
154;"Cooper";"Bullock";"(021) 2521 6627";"et@outlook.net";"1986-11-02";"United Kingdom";"Presteigne";"U18 0DN";"872-1866 Pede Rd."
155;"Joshua";"Russell";"055 4409 5286";"justo.nec.ante@outlook.edu";"1984-01-23";"United Kingdom";"Hatfield";"B5H 5CS";"Ap #285-4727 Auctor. Av."
156;"Remedios";"Case";"055 3114 1566";"mollis.phasellus.libero@aol.com";"1994-10-09";"United Kingdom";"North Berwick";"QR0 8CW";"479-3690 Turpis Road"
157;"Philip";"Carey";"0800 640 6251";"phasellus@yahoo.net";"1992-10-10";"United Kingdom";"Lochgilphead";"CE2 6HT";"196-1103 Quisque Street"
158;"Fatima";"Dyer";"0800 1111";"adipiscing@google.org";"1988-12-24";"United Kingdom";"Northampton";"IL3X 6XD";"Ap #435-7194 Scelerisque, St."
159;"Kylynn";"Acevedo";"056 5727 9602";"dignissim.lacus.aliquam@google.org";"2000-05-10";"United Kingdom";"Pitlochry";"K3 8UL";"871-3506 Lectus. Ave"
160;"Lael";"Moody";"07123 850737";"nunc.sed@aol.org";"1987-11-19";"United Kingdom";"Brora";"Q87 5JM";"Ap #633-810 Purus. Road"
161;"Nora";"Reeves";"(01692) 29410";"ac@aol.com";"1989-12-24";"United Kingdom";"Blaenau Ffestiniog";"T37 5PO";"Ap #956-407 Et St."
162;"Francesca";"Sawyer";"(01632) 32279";"nunc@protonmail.com";"1985-04-27";"United Kingdom";"Bolton";"B35 2LE";"654-6011 Sociis Avenue"
163;"Denton";"Blackburn";"(015406) 66385";"tincidunt@outlook.edu";"1985-01-29";"United Kingdom";"March";"YI3K 0GV";"Ap #219-2146 A, Av."
164;"Preston";"Hood";"0845 46 47";"convallis.est.vitae@yahoo.edu";"1986-07-29";"United Kingdom";"Elgin";"R22 2AI";"Ap #828-7829 Suspendisse Rd."
165;"Nora";"Cantrell";"0500 767716";"varius.et.euismod@protonmail.net";"1988-02-06";"United Kingdom";"Carterton";"Q2 8QE";"1041 Lectus, Av."
166;"Matthew";"Woodard";"070 6461 3432";"urna@outlook.net";"1991-01-31";"United Kingdom";"Bonnyrigg";"RN4P 8WW";"5258 Magna. Avenue"
167;"Sheila";"Dickerson";"(01645) 68676";"et.lacinia@hotmail.ca";"1998-07-26";"United Kingdom";"Peterhead";"WM3E 9RO";"Ap #541-5450 Ullamcorper. Road"
168;"Donna";"Rivers";"07553 472381";"elit.erat@aol.org";"1990-06-09";"United Kingdom";"Weston-super-Mare";"H8G 8FL";"690-204 Mauris, St."
169;"Linda";"Gaines";"(011370) 15148";"faucibus@outlook.edu";"1992-10-15";"United Kingdom";"Newbury";"I5 4TY";"P.O. Box 600, 6215 Nulla Av."
170;"William";"Benjamin";"0800 1111";"porttitor@icloud.ca";"1987-05-15";"United Kingdom";"Coldstream";"KY0 0DY";"662-8112 Praesent Av."
171;"Gary";"Robbins";"0500 856738";"dolor.dolor@google.edu";"1995-11-08";"United Kingdom";"Stoke-on-Trent";"N41 3PZ";"P.O. Box 262, 1554 Vel, Ave"
172;"Yoko";"Calhoun";"055 0680 3951";"dui.nec@outlook.org";"1998-10-28";"United Kingdom";"Lochgilphead";"GV7Y 7OL";"166-9231 Nulla. St."
173;"Bertha";"Sloan";"070 7845 5485";"et.eros@aol.couk";"1996-03-24";"United Kingdom";"Dunstable";"VB7 5NO";"P.O. Box 257, 1885 Tincidunt, Ave"
174;"Amal";"Kennedy";"(0121) 837 5655";"tellus@aol.com";"1986-12-26";"United Kingdom";"Kircudbright";"JP9Q 1AK";"Ap #224-4191 Et Street"
175;"Brent";"Bates";"0500 221383";"ipsum.primis.in@aol.ca";"1996-04-08";"United Kingdom";"Brodick";"WJ1Q 2LP";"P.O. Box 249, 1044 Erat Ave"
176;"Lucas";"Stevenson";"0800 1111";"quis.pede.praesent@google.net";"1998-09-09";"United Kingdom";"Dover";"VU8 7QH";"832-6324 Nunc Ave"
177;"Lisandra";"Carpenter";"07624 223711";"nunc@google.net";"2000-08-20";"United Kingdom";"Keith";"XA5V 0RZ";"Ap #681-4983 Nec, Av."
178;"Guinevere";"Kemp";"070 1590 7780";"suscipit@google.net";"1987-06-18";"United Kingdom";"Kingussie";"XX8 1SH";"Ap #801-3785 Lacus. St."
179;"Stuart";"Small";"(016977) 2504";"sodales.elit.erat@icloud.net";"1983-04-21";"United Kingdom";"Basingstoke";"AG9B 3SE";"P.O. Box 484, 610 Et Ave"
180;"Amelia";"Valenzuela";"(016977) 9972";"ac.nulla@google.couk";"1986-02-27";"United Kingdom";"Stockport";"BK0M 3FQ";"2729 Feugiat. Road"
181;"Kermit";"O'brien";"076 8212 1580";"cursus@google.com";"1995-01-15";"United Kingdom";"St. Andrews";"D5 2TG";"Ap #659-5780 Elit. Rd."
182;"Dane";"Shepard";"0975 985 5842";"vehicula@hotmail.net";"1999-10-13";"United Kingdom";"Selkirk";"T8Q 7XU";"P.O. Box 148, 5146 Placerat. Av."
183;"Germane";"Whitehead";"(016977) 7528";"malesuada.malesuada.integer@aol.net";"1982-10-20";"United Kingdom";"Alva";"GC6Y 2EW";"895-5715 Ipsum. Road"
184;"Ulla";"Ramirez";"055 1225 6227";"phasellus.elit@icloud.couk";"1998-10-30";"United Kingdom";"Sromness";"ED8P 8YK";"9746 Aliquet St."
185;"Molly";"Gilliam";"0800 120 8023";"donec@outlook.couk";"1993-12-21";"United Kingdom";"Banchory";"U8H 7PH";"P.O. Box 202, 5638 Mi Rd."
186;"Dale";"Gonzales";"056 1962 2173";"velit.in.aliquet@protonmail.org";"1989-10-14";"United Kingdom";"Dorchester";"A3X 1PW";"289-2745 Aliquet Ave"
187;"David";"Vance";"0500 351083";"vulputate.velit.eu@protonmail.org";"1996-08-06";"United Kingdom";"Tregaron";"TS6A 1YW";"P.O. Box 921, 3511 Tempus, Rd."
188;"Keane";"Mckinney";"0345 629 4218";"at.arcu@google.net";"1993-07-06";"United Kingdom";"Leominster";"QJ73 6UB";"102-637 Ac Rd."
189;"Walter";"Lamb";"(016977) 7335";"ut.erat@hotmail.edu";"1998-04-23";"United Kingdom";"Biggleswade";"OA9M 7PV";"592-7699 In Road"
190;"Shellie";"Valenzuela";"0500 899570";"dictum.phasellus.in@google.couk";"1998-06-27";"United Kingdom";"Fort William";"K5G 6GF";"2506 Natoque St."
191;"Deirdre";"Todd";"056 3122 8029";"purus.mauris.a@icloud.org";"1984-12-16";"United Kingdom";"Millport";"PR67 4CE";"3423 A, Avenue"
192;"Phoebe";"Roth";"076 5361 4786";"arcu.eu@google.org";"1981-02-02";"United Kingdom";"Buckie";"R6W 3JZ";"9091 At Ave"
193;"Minerva";"Wilkins";"07581 368219";"aliquam.adipiscing@yahoo.edu";"2000-08-31";"United Kingdom";"Shaftesbury";"N9R 8TC";"437-5979 Et Ave"
194;"Porter";"Francis";"0500 257479";"quis.accumsan@aol.couk";"1991-07-20";"United Kingdom";"Newton Abbot";"O4 2AI";"132-7918 Elementum, Avenue"
195;"Rosalyn";"Blake";"(015905) 28451";"integer@protonmail.net";"1984-04-25";"United Kingdom";"Swindon";"P4 6UA";"Ap #694-5578 Viverra. Av."
196;"Blaze";"Duke";"0800 060 8337";"quis@hotmail.ca";"1992-02-12";"United Kingdom";"March";"V5 2UL";"416-2357 Vel, Rd."
197;"Carly";"Mathews";"(024) 5216 7655";"mauris@protonmail.edu";"1996-05-23";"United Kingdom";"Bathgate";"KH0E 3HR";"8486 Nunc Ave"
198;"Keely";"Fox";"0800 1111";"id.mollis@google.net";"1989-07-01";"United Kingdom";"Blairgowrie";"N4 5WB";"8716 Mi St."
199;"Lewis";"Melendez";"(016977) 5758";"non@yahoo.net";"1990-07-08";"United Kingdom";"March";"JM6 4QS";"Ap #615-7530 Nunc Av."
200;"Nero";"Mills";"056 4507 5712";"adipiscing@protonmail.org";"1984-08-08";"United Kingdom";"Newtown";"KK80 6UC";"Ap #809-8475 Donec Street"
201;"Iola";"Powers";"018-139-4717";"ante.blandit@outlook.edu";"2000-03-20";"Canada";"Rigolet";"V6T 6M7";"154-5415 Auctor St."
202;"Maxwell";"Holden";"045-402-7693";"donec@hotmail.edu";"1986-12-02";"Canada";"Murdochville";"S7E 6E0";"Ap #880-6372 Ultrices. St."
203;"Jarrod";"Fields";"010-741-8105";"sit.amet@google.couk";"1982-01-06";"Canada";"Baddeck";"K3X 6Z5";"441-8969 Rhoncus Road"
204;"Emerson";"Sharp";"068-138-9383";"ante.iaculis@outlook.ca";"1994-10-15";"Canada";"Maple Creek";"Y2C 9E6";"517-6759 Ut, Av."
205;"Sonya";"Mckee";"041-151-9737";"magna.phasellus.dolor@google.ca";"1983-05-07";"Canada";"Dieppe";"E7S 4P8";"Ap #916-8051 A St."
206;"Harper";"Hart";"030-656-1670";"fringilla.donec@outlook.net";"2000-11-17";"Canada";"Quebec City";"B4K 0J6";"8588 Massa. Ave"
207;"Yvonne";"Hatfield";"003-854-1445";"magna.et.ipsum@google.edu";"1981-09-22";"Canada";"Rae-Edzo";"20Y 8L2";"Ap #636-8055 Egestas St."
208;"Burke";"Graham";"064-568-4454";"vel@yahoo.org";"1993-02-23";"Canada";"Annapolis Royal";"S4Y 8V5";"Ap #983-6042 Amet Street"
209;"Athena";"Malone";"027-280-8275";"pellentesque.tincidunt@yahoo.ca";"1991-12-14";"Canada";"Cambridge Bay";"93Z 5S5";"Ap #388-8542 Est St."
210;"Slade";"Poole";"084-771-1363";"amet@icloud.com";"2001-02-16";"Canada";"Ottawa";"A1S 9W6";"601-6142 Etiam St."
211;"Larissa";"Carpenter";"066-617-3711";"congue@aol.org";"1998-01-21";"Canada";"Cumberland";"S5Y 2L8";"7285 Sed St."
212;"Zeph";"Schmidt";"056-157-7412";"vestibulum.lorem@hotmail.ca";"1986-04-10";"Canada";"Fort Smith";"V3G 8B3";"4756 Tempor Rd."
213;"Blake";"Strickland";"067-339-3024";"ac.libero.nec@yahoo.com";"1983-04-15";"Canada";"Mission";"R0V 9R2";"P.O. Box 207, 6843 Imperdiet Avenue"
214;"Cleo";"George";"026-867-1198";"pellentesque.habitant@outlook.net";"1998-12-24";"Canada";"Kakisa";"R6W 8G7";"Ap #266-9424 Orci St."
215;"Keegan";"Watson";"058-771-3718";"interdum.enim.non@protonmail.edu";"1996-05-02";"Canada";"Oxford County";"S7H 0G4";"270-2964 Aliquet Avenue"
216;"Tana";"Stout";"035-569-5523";"et.magnis.dis@aol.net";"1983-06-28";"Canada";"Municipal District";"D6Y 8V7";"7884 Vulputate Rd."
217;"Avye";"Key";"016-727-3427";"non.dui@yahoo.net";"1987-03-16";"Canada";"Marystown";"37N 1N0";"P.O. Box 712, 8627 Mi Rd."
218;"Sonia";"Dejesus";"091-540-1865";"ipsum.porta@google.edu";"1997-06-13";"Canada";"Fredericton";"H6H 1C1";"231-8704 Tempor Ave"
219;"Ivan";"Saunders";"036-230-9218";"egestas.blandit.nam@icloud.org";"1985-07-07";"Canada";"Houston";"b5M 0E6";"350-1489 Sit Road"
220;"Martha";"Roth";"077-482-6236";"semper.rutrum@yahoo.edu";"1994-04-05";"Canada";"Gander";"A3X 8E4";"Ap #179-4366 Pellentesque St."
221;"Sasha";"Emerson";"024-226-4281";"tempor.augue.ac@icloud.couk";"1981-08-24";"Canada";"Watson Lake";"H3X 9N3";"885-8605 Egestas Rd."
222;"Theodore";"Barry";"098-447-1583";"at.pede.cras@google.ca";"1983-02-16";"Canada";"Ucluelet";"B2C 5H2";"786-2757 Diam Rd."
223;"Linus";"Willis";"056-347-2535";"ultrices.posuere@yahoo.couk";"1992-03-23";"Canada";"Lourdes";"B0R 4L1";"6491 Cursus St."
224;"Raymond";"Oneil";"001-668-7183";"lorem@outlook.ca";"1987-01-21";"Canada";"Watson Lake";"E9K 1S7";"172 Enim. St."
225;"Ursa";"Kelly";"007-454-7455";"vitae.diam@icloud.ca";"1996-08-21";"Canada";"West Vancouver";"T0G 8G4";"540-895 Bibendum. Avenue"
226;"Willa";"Rowland";"011-259-1714";"sociosqu.ad.litora@outlook.net";"2001-02-19";"Canada";"Paulatuk";"S4T 5M8";"Ap #728-8176 A, St."
227;"Idola";"Bowen";"039-398-2123";"gravida.molestie.arcu@outlook.org";"1991-01-18";"Canada";"Dieppe";"S1Y 5T7";"Ap #685-1370 Curabitur Av."
228;"Leonard";"Davenport";"033-159-5147";"venenatis@yahoo.net";"1989-10-30";"Canada";"Beauport";"27C 8H7";"P.O. Box 293, 261 Donec Ave"
229;"Wade";"Russell";"002-612-8695";"ipsum@yahoo.org";"1987-10-13";"Canada";"Guysborough";"66A 5X8";"579-6807 Tellus Road"
230;"Dean";"Donovan";"064-828-4927";"dolor.elit@outlook.org";"1989-01-31";"Canada";"Cornwall";"b3C 9X8";"346-6657 Diam Rd."
231;"Zoe";"Morrow";"039-828-3280";"lacinia@google.com";"1987-10-25";"Canada";"Town of Yarmouth";"S1A 9G5";"Ap #672-8013 Natoque St."
232;"Elijah";"Stone";"035-145-1918";"in@yahoo.net";"1988-01-24";"Canada";"Shawinigan";"74W 5N4";"Ap #210-4430 Donec Road"
233;"Griffith";"Golden";"056-674-6383";"nunc@yahoo.org";"1989-12-04";"Canada";"Municipal District";"53S 8R5";"190-7471 Dolor. Street"
234;"Camilla";"Roach";"011-421-2427";"tristique.senectus@hotmail.edu";"1993-02-27";"Canada";"Brandon";"R2E 1C9";"Ap #858-5803 Praesent Street"
235;"Medge";"Nieves";"044-518-5071";"ac@icloud.couk";"1993-06-11";"Canada";"Ponoka";"H7R 2T8";"561-787 Pellentesque Street"
236;"Gemma";"Calderon";"049-527-1060";"in.faucibus.morbi@aol.edu";"1989-11-12";"Canada";"Champlain";"S4J 1P5";"983-9057 Integer Av."
237;"Drake";"Walsh";"048-338-9721";"libero.integer@google.edu";"1984-01-22";"Canada";"Flin Flon";"f8T 7B4";"P.O. Box 511, 7500 Interdum Ave"
238;"Chester";"Haynes";"059-783-3104";"ut@protonmail.edu";"1988-09-13";"Canada";"Cochrane";"74M 8T1";"P.O. Box 284, 9364 Ultrices St."
239;"Melissa";"Cameron";"012-127-5563";"quisque.varius@protonmail.ca";"1992-02-21";"Canada";"Beausejour";"B0K 2P6";"Ap #147-7582 Ante St."
240;"Jada";"Porter";"074-247-8256";"condimentum.donec@aol.ca";"1987-09-08";"Canada";"North Vancouver";"R5L 6C1";"P.O. Box 557, 8889 Erat Rd."
241;"Xandra";"Spencer";"016-322-6574";"cursus.in@outlook.net";"1989-06-22";"Canada";"Fraser-Fort George";"P1B 8C8";"P.O. Box 848, 3751 Ante, Road"
242;"Neville";"Donovan";"027-122-5812";"ac@protonmail.edu";"1988-05-21";"Canada";"Cape Breton Island";"R8H 1V7";"326-1559 Nunc. Avenue"
243;"Alan";"Vazquez";"084-548-5311";"sapien.gravida.non@protonmail.couk";"1996-06-17";"Canada";"Fort Good Hope";"41T 4T0";"697-3023 Donec Road"
244;"Andrew";"Strong";"037-676-0570";"nulla.at@google.ca";"1997-05-17";"Canada";"Watson Lake";"Z1B 9R8";"P.O. Box 961, 5209 Ridiculus Av."
245;"Iola";"Griffith";"081-781-2806";"magna@protonmail.couk";"1995-05-05";"Canada";"Penticton";"A2E 1B5";"P.O. Box 912, 8949 Quis Avenue"
246;"Lewis";"Lynn";"061-978-2835";"consectetuer.adipiscing@outlook.edu";"1979-06-13";"Canada";"Neuville";"20N 5E1";"Ap #549-4391 Dapibus St."
247;"Olga";"Case";"083-633-4683";"turpis@yahoo.edu";"1991-07-04";"Canada";"Lions Bay";"N1J 8P7";"P.O. Box 140, 3589 Vestibulum. Ave"
248;"Allen";"Calhoun";"024-836-3222";"ipsum.non@outlook.ca";"1987-11-01";"Canada";"Cambridge Bay";"N7J 8S7";"Ap #698-8629 Nulla Street"
249;"Rhea";"Harvey";"052-042-5654";"proin@protonmail.org";"1997-07-02";"Canada";"Weyburn";"j7L 2S9";"910-7903 Habitant Avenue"
250;"Hilda";"Levy";"088-867-5267";"et.libero@yahoo.org";"1994-12-21";"Canada";"Baddeck";"B4R 5C5";"P.O. Box 306, 6953 At Street"
251;"Zane";"Collier";"098-548-1455";"in.aliquet.lobortis@icloud.com";"1980-08-25";"Canada";"Beaconsfield";"H4Y 6Y2";"P.O. Box 309, 103 Neque Street"
252;"Zephania";"Collins";"031-817-1549";"urna.vivamus@icloud.ca";"1994-06-29";"Canada";"Arviat";"Y8X 0E8";"237-5532 Donec St."
253;"Keane";"Parks";"048-303-4775";"consectetuer.adipiscing@google.edu";"1986-10-02";"Canada";"Town of Yarmouth";"T2R 4Z7";"793-2776 Ornare St."
254;"John";"Cotton";"085-253-4901";"diam@yahoo.org";"1983-09-26";"Canada";"Colwood";"53K 8S9";"Ap #324-6329 Ipsum Road"
255;"Blaze";"Daniel";"087-870-8309";"felis@protonmail.org";"1998-10-11";"Canada";"Swan Hills";"Y1N 5X1";"811-6644 Id, Road"
256;"Lane";"Paul";"044-254-6877";"nec.euismod@aol.edu";"1983-08-10";"Canada";"Saskatoon";"T3J 3X5";"P.O. Box 850, 1002 Purus. Av."
257;"Heather";"Burks";"053-588-8671";"primis.in@protonmail.com";"1994-10-13";"Canada";"Dieppe";"86W 9G5";"Ap #966-2226 Congue, Street"
258;"Stone";"Robbins";"076-226-5738";"tempus.eu.ligula@google.edu";"1980-06-26";"Canada";"Caledon";"R4R 6Y3";"Ap #169-3524 Quam Street"
259;"Slade";"Downs";"034-228-4880";"nunc@protonmail.net";"1994-05-28";"Canada";"Minitonas";"T2Y 5Z1";"Ap #219-2963 Tristique Road"
260;"Grace";"Rowe";"071-756-4297";"convallis.convallis@hotmail.edu";"1987-03-25";"Canada";"Abbotsford";"Y7S 3W6";"Ap #417-5793 Tincidunt Rd."
261;"Violet";"Weber";"019-661-3744";"aliquet.metus@hotmail.couk";"1984-09-23";"Canada";"Ucluelet";"W4C 3H8";"102-5355 Aliquet. Av."
262;"Brett";"Kirby";"076-166-2169";"auctor.nunc.nulla@outlook.org";"1988-12-12";"Canada";"Banff";"S6V 7V5";"Ap #431-3047 Adipiscing Rd."
263;"Ima";"Hendricks";"065-953-8795";"diam.proin@icloud.net";"1990-11-06";"Canada";"Whitehorse";"78V 0B5";"Ap #750-483 Lorem, Rd."
264;"Keiko";"Guerra";"034-741-6314";"blandit@outlook.ca";"1993-12-12";"Canada";"Bathurst";"T7C 9N8";"Ap #243-4259 Lectus Street"
265;"Chloe";"Keith";"022-178-1548";"arcu.eu@protonmail.org";"1999-01-10";"Canada";"Oliver";"B5T 7L6";"P.O. Box 289, 3192 Cursus St."
266;"Aiko";"Chaney";"026-660-1876";"ante.ipsum.primis@protonmail.ca";"1986-10-16";"Canada";"Vancouver";"R8S 1E1";"821-3499 Sapien. Ave"
267;"Ocean";"Nelson";"079-481-2745";"aenean@yahoo.com";"1991-12-26";"Canada";"Charlottetown";"85X 3P4";"Ap #732-8357 Pede, Rd."
268;"Clark";"Olson";"029-086-1867";"nunc@icloud.net";"1987-03-15";"Canada";"Montague";"S3Y 1W6";"1315 Est Rd."
269;"Haley";"Fitzpatrick";"055-871-6664";"in.aliquet@outlook.org";"1996-01-10";"Canada";"Pangnirtung";"R0Y 1E3";"P.O. Box 914, 451 Nam Rd."
270;"Elton";"Roberson";"096-325-5107";"tristique.pharetra@google.net";"1990-10-12";"Canada";"McCallum";"R0V 4P6";"2857 Natoque Road"
271;"Leandra";"Cherry";"089-285-7016";"lobortis.quis@hotmail.ca";"1991-09-02";"Canada";"Gander";"H6S 6M9";"554-9293 Sollicitudin Av."
272;"Hedwig";"Gilbert";"064-204-8788";"sem.eget@icloud.edu";"1991-04-16";"Canada";"Tuktoyaktuk";"Q4C 3G7";"P.O. Box 496, 5145 Sapien Road"
273;"Hilary";"Ferguson";"060-710-1604";"sapien.molestie.orci@google.edu";"1981-11-03";"Canada";"Pangnirtung";"12T 5G4";"Ap #736-4628 Cras St."
274;"Jameson";"Hunt";"024-732-2321";"fringilla@protonmail.com";"1982-01-29";"Canada";"Township of Minden Hills";"B6V 6N4";"224-4927 Praesent Ave"
275;"Kenyon";"Hartman";"082-871-7248";"convallis.ante.lectus@yahoo.com";"1982-08-03";"Canada";"Richmond";"R8H 2K2";"8564 Facilisi. St."
